CHROM,POS,TYPE,REF,ALT,EVIDENCE,FTYPE,STRAND,NT_POS,AA_POS,EFFECT,LOCUS_TAG,GENE,PRODUCT
reference,347,del,TGAAG,T,T:11 TGAAG:0
reference,619,snp,G,C,C:31 G:1
reference,839,snp,C,G,G:26 C:0
reference,866,del,GCCAGATCC,G,G:17 GCCAGATCC:0
reference,1056,ins,G,GC,GC:19 G:1
reference,1135,del,CCT,C,C:23 CCT:0
reference,1184,snp,A,G,G:36 A:0
reference,1270,del,CTT,C,C:30 CTT:0
reference,1347,snp,C,A,A:33 C:0
reference,1440,ins,G,GCCAC,GCCAC:22 G:0
reference,1815,del,CAA,C,C:28 CAA:0
reference,1984,complex,GTGATTG,TTGA,TTGA:28 GTGATTG:0
reference,2480,del,TG,T,T:26 TG:0
reference,2539,ins,A,AG,AG:30 A:0
reference,3008,del,GA,G,G:28 GA:0
reference,3063,ins,A,ATGCAGC,ATGCAGC:20 A:0
reference,3263,snp,A,G,G:32 A:0
reference,3337,snp,C,G,G:28 C:0
reference,3522,snp,G,A,A:29 G:0
reference,3526,ins,T,TA,TA:28 T:0
reference,3642,snp,A,G,G:30 A:0
reference,3733,ins,A,AAATC,AAATC:22 A:0
reference,3762,snp,A,G,G:26 A:0
reference,3846,snp,T,A,A:40 T:0
reference,3897,del,GCGCA,G,G:23 GCGCA:0
reference,4036,snp,T,A,A:32 T:0
reference,4245,snp,G,A,A:29 G:0
reference,4585,snp,T,C,C:32 T:0
reference,4628,snp,A,G,G:33 A:0
reference,4644,snp,G,A,A:34 G:0
reference,4693,ins,C,CGA,CGA:25 C:0
reference,4765,snp,A,G,G:31 A:0
reference,4975,snp,T,C,C:16 T:0
